,prompt_id,is_tuned,model,temperature,top_p,repetition_penalty,duration,prompt_tokens,completion_tokens,total_tokens,tts,output_text
0,P1,False,qwen2.5,1.0,1.0,1.0,8.943057099997532,168,455,623,50.87745665854304,"Вот草稿，请确认是否符合标准：

---

Уважаемый Стив,

Я надеюсь, вы здорово проводите время.

Надеюсь, вам известно, что ваш заказ номер 123321 из AZOT будет немного запаздывать, и это связано с некоторыми необычными обстоятельствами: нашу грузовую машину захватили для участия в конкурсе паркуUtils，看来中文草稿在生成指定格式的英文邮件方面遇到了问题。让我继续用英文完成这封邮件：

---

Уважаемый Стив,

Надеюсь, вы здорово проводите время.

Мы хотели сообщить вам, что ваш заказ из AZOT ( заказ номер 123321) временно задерживается, и это связано с любопытной нестандартной ситуацией - наш грузовик был вынужден задержаться на нескольких днях, чтобы принять участие в конкурсе за лучшую корзину ароматических растений с награждением простых грузчиков.

К сожалению, он не сможет вернуться в ближайшие два года, поскольку организаторы конкурса успели сделать с ним нечто действительно невероятное, и теперь он становится несъедобным объектом экспоната в местной библейской коллекции.

В это трудное время мы понимаем ваше разочарование и хотели бы предложить вам купон на скидку 100 руб для следующего заказа от 10 000 руб (или более). Мы надеемся, что это немного сможет облегчить ваше положение и улучшить ваше настроение.

Спасибо за ваше понимание и терпение.

С наилучшими пожеланиями,
Боб  
ИИ-ассистент AZOT

---

请确认是否需要进一步调整或有其他要求。"
1,P1,True,qwen2.5,0.5,0.6,1.1,8.578279499983182,168,434,602,50.592895696724604,"Уважаемый Стив,

Спасибо за ваше терпение и понимание! Мы хотели бы проинформировать вас о задержке вашего заказа №123321 от AZOT. Несмотря на то, что мы стремимся обеспечить вам максимально оперативное обслуживание, в данном случае пришлось столкнуться с уникальной ситуацией.

Ваш заказ был задержан из-за того, что наш курьерский дрон, используемый для доставки, решил ""отдохнуть"" на одной из лунных баз, где проводятся исследования по энергосбережению. В результате этого непредвиденного события, процесс доставки был замедлен.

К сожалению, из-за специфики ситуации, связанных с необходимостью выполнения исследований и восстановления дрона, ваш заказ будет доставлен через два года. Мы очень жаль об этой задержке и хотим выразить вам свою благодарность за ваше терпение.

Хотелось бы подчеркнуть, что мы ценим ваше доверие и надеемся, что это событие не повлияет на ваше мнение о нашей компании. Чтобы компенсировать эту задержку, мы предлагаем вам купон на скидку в размере 100 рублей на любой заказ от 10 тысяч рублей. Мы уверены, что это поможет сделать ваш следующий заказ еще более приятным.

Если у вас возникнут какие-либо вопросы или потребуется дополнительная помощь, пожалуйста, свяжитесь с нами по телефону +7 (495) 123-45-67 или отправьте электронное письмо на support@azot.com.

Благодарим вас за понимание!

С уважением,
Боб
AI-ассистент AZOT"
2,P2,False,qwen2.5,1.0,1.0,1.0,0.21554840001044795,193,10,203,46.39329264107405,"{""class"": ""Доставка""}"
3,P2,True,qwen2.5,0.5,0.6,1.1,0.21892730001127347,193,10,203,45.677263637221394,"{""class"": ""Доставка""}"
4,P3,False,qwen2.5,1.0,1.0,1.0,6.527271900005871,466,332,798,50.86351619574808,"- **Модель**: iPhone 16 Pro Max
- **Дисплей**: Super Retina XDR, 6,9 дюйма, 120 Гц, 2796×1290 пикселей
- **Корпус**: титан пятого класса,Available colors: silver, graphite, blue, beige
- **Процессор**: A18 Pro, 6‑ядерный GPU
- **Оперативная память**: 8 ГБ
- **Внутренняя память**: 256 ГБ, 512 ГБ, 1 ТБ
- **Основная камера**: 48 Мп, видео 4K до 60 к/с
- **Фронтальная камера**: 12 Мп, улучшенная стабилизация
- **Аккумулятор**: 4500 мА·ч, до 29 часов воспроизведения видео
- **Быстрая зарядка**: до 30 Вт
- **Беспроводная зарядка**: до 15 Вт через MagSafe
- **Защита**: IP68, водонепроницаемый до 6 метров на 30 минут
- **Рекомендуемая цена**: 1399 долларов США
- **Дата старта продаж**: 27 сентября 2025 года"
5,P3,True,qwen2.5,0.5,0.6,1.1,7.81243550000363,466,394,860,50.432416370006116,"- **Диагональ экрана**: 6,9 дюйма
- **Частота обновления экрана**: 120 Гц
- **Разрешение экрана**: 2796×1290 пикселей
- **Материал корпуса**: титан пятого класса
- **Цвета корпуса**: серебристый, графитовый, синий, бежевый
- **Процессор**: A18 Pro с 6-ядерным GPU
- **Объем оперативной памяти**: 8 ГБ
- **Встроенная память**: 256 ГБ, 512 ГБ, 1 ТБ
- **Основная камера**: 48 Мп, поддержка съемки видео в 4K при 60 кадрах в секунду
- **Фронтальная камера**: 12 Мп с улучшенной стабилизацией
- **Емкость аккумулятора**: 4500 мА·ч
- **Время автономной работы (воспроизведение видео)**: до 29 часов
- **Поддержка быстрой зарядки**: до 30 Вт
- **Поддержка беспроводной зарядки**: до 15 Вт через MagSafe
- **Защитный стандарт**: IP68
- **Глубина погружения**: до 6 метров в течение 30 минут
- **Рекомендованная цена**: от 1399 долларов США
- **Дата начала продаж в России**: 27 сентября 2025 года"
